title,num_ratings,avg_rating
The Million Dollar Hotel,91082,4.429015
Sleepless in Seattle,57070,4.339811
Title for movie 50,59271,4.300189
Once Were Warriors,67662,4.266531
Title for movie 1221,36679,4.263475
Hard Target,13994,4.255074
Title for movie 904,21335,4.232552
Title for movie 1203,16896,4.231209
License to Wed,60024,4.230716
Title for movie 1193,40103,4.229135